ObjectID,GlobalID,surveyStartDate,surveyStartTime,Field Crew:,Waterbody:,Station ID:,Town:,Site Type:,Camera Type:,Streamflow Category:,Battery Voltage:,Notes:,surveyEndTime,CreationDate,Creator,EditDate,Editor,x,y
17,867d6c52-1ef8-4a14-a6c8-01987a7e1ab0,08/19/20,09:03,"M. Czarnowski, A. Hibbard",Hockanum River_14237,,,,,4,1.7,,09:25,8/21/2020 7:42:56 PM,Carriel.Cataldi_CTDEEP,8/21/2020 7:42:56 PM,Carriel.Cataldi_CTDEEP,-72.5558707780819,41.7862772613647
18,fa35bab9-d445-4c9d-80a2-0261b4c9e724,08/19/20,08:20,"M. Czarnowski, A. Hibbard",Hop Brook_19048,19048,Manchester,Public Water Supply,Handheld,4,,No trail camera at this site,14:31,8/21/2020 7:42:56 PM,Carriel.Cataldi_CTDEEP,8/21/2020 7:42:56 PM,Carriel.Cataldi_CTDEEP,0,0
19,bc7e6648-711e-4821-a3a8-08abd3cc4d8a,08/12/20,09:38,"M. Czarnowski, A. Hibbard",Mill River US Cook Hill Rd_19141,19141,Cheshire,Public Water Supply,Reconyx,2,1.72,"9:30 Parked at site
9:40 arrived at camera",10:24,8/21/2020 7:42:56 PM,Carriel.Cataldi_CTDEEP,8/21/2020 7:42:56 PM,Carriel.Cataldi_CTDEEP,0,0
20,a73032d7-1040-48e4-a86e-1309bc18bba0,08/19/20,12:20,"M. Czarnowski, A. Hibbard",Fenton River_19388,19388,Mansfield,Reference / Public Water Supply,Moultrie,4,1.69,Low 4. Not positive on SID,12:24,8/21/2020 7:42:56 PM,Carriel.Cataldi_CTDEEP,8/21/2020 7:42:56 PM,Carriel.Cataldi_CTDEEP,0,0
21,7c3a476c-0522-47a8-8e07-2f0a3f475e60,08/12/20,14:23,"M. Czarnowski, A. Hibbard",West Branch Salmon Brook_15499,15499,Granby,Reference (RMN Site),Moultrie,,1.7,2:25 arrived at site,14:37,8/21/2020 7:42:56 PM,Carriel.Cataldi_CTDEEP,8/21/2020 7:42:56 PM,Carriel.Cataldi_CTDEEP,0,0
22,d261b505-3bc6-4a03-abf5-526c2ae2667f,08/19/20,10:49,"M. Czarnowski, A. Hibbard",Mount Hope River_18421,18421,Ashford,Public Water Supply,Moultrie,4,1.7,Low 4,10:52,8/21/2020 7:42:56 PM,Carriel.Cataldi_CTDEEP,8/21/2020 7:42:56 PM,Carriel.Cataldi_CTDEEP,0,0
23,df021029-6a8b-4292-b9cd-699aeb4d16b9,08/19/20,11:32,"M. Czarnowski, A. Hibbard",Fenton River_15091,15091,Mansfield,Reference / Public Water Supply,Moultrie,4,1.73,Not positive on SID. Replaced camera #38 with #26,11:38,8/21/2020 7:42:56 PM,Carriel.Cataldi_CTDEEP,8/21/2020 7:42:56 PM,Carriel.Cataldi_CTDEEP,0,0
24,97d44a5c-250f-4198-a875-74ffe3a150f5,08/12/20,12:31,"M. Czarnowski, A. Hibbard",Honeypot Brook_15193,15193,Cheshire,Public Water Supply,Moultrie,4,1.71,"12:30 arrived at site
Camera seemed a little crooked. 
12:45 departed from site",13:34,8/21/2020 7:42:56 PM,Carriel.Cataldi_CTDEEP,8/21/2020 7:42:56 PM,Carriel.Cataldi_CTDEEP,0,0
25,1fc3bad4-b75e-49dc-b4fc-7b2a51faba2c,08/12/20,12:09,"M. Czarnowski, A. Hibbard",Honeypot Brook_15192,15192,Cheshire,USGS Reference to 15193,Moultrie,4,1.75,"12:10 arrived at site
12:22 departed",12:24,8/21/2020 7:42:56 PM,Carriel.Cataldi_CTDEEP,8/21/2020 7:42:56 PM,Carriel.Cataldi_CTDEEP,0,0
26,0ff45272-d457-4856-9bec-7f2f9bfdc76c,08/12/20,10:43,"M. Czarnowski, A. Hibbard",Mill River_15013,15013,Hamden,Reference to SID 19141,Moultrie,4,1.73,"Arrived at 10:35
Camera took 8700 pictures then failed. 
Removed #56 and replaced with #22
Ate lunch, departed 11:52",11:37,8/21/2020 7:42:56 PM,Carriel.Cataldi_CTDEEP,8/21/2020 7:42:56 PM,Carriel.Cataldi_CTDEEP,0,0
27,7027745d-216e-4da2-b8fc-84e470c8e9b6,08/12/20,13:34,"M. Czarnowski, A. Hibbard",Owens Brook_16933,16933,Simsbury,Reference to SID 19040,Reconyx,,1.72,"1:35 arrived at site
Removed #50 and replaced with #61",13:54,8/21/2020 7:42:56 PM,Carriel.Cataldi_CTDEEP,8/21/2020 7:42:56 PM,Carriel.Cataldi_CTDEEP,0,0
28,5a7012e0-93e9-452f-86fa-b907f3773347,08/19/20,08:25,"M. Czarnowski, A. Hibbard",Birch Mountain Brook_18566,18566,Manchester,Public Water Supply,Handheld,4,,No trail camera at this site.,08:25,8/21/2020 7:42:56 PM,Carriel.Cataldi_CTDEEP,8/21/2020 7:42:56 PM,Carriel.Cataldi_CTDEEP,0,0
29,9adee572-044a-4623-af35-bb50728c3fe1,08/19/20,10:15,"M. Czarnowski, A. Hibbard",Mount Hope River_15801,15801,Ashford,Reference (USGS),Reconyx,4,1.71,Replaced camera #60 with #50. Low 4,10:21,8/21/2020 7:42:56 PM,Carriel.Cataldi_CTDEEP,8/21/2020 7:42:56 PM,Carriel.Cataldi_CTDEEP,0,0
30,30bd6a3a-e6eb-4124-ba43-cbd08c81dd50,08/12/20,09:59,"M. Czarnowski, A. Hibbard",Mill River DS Cook Hill Rd_19141,19141,Cheshire,Public Water Supply,Moultrie,1,1.73,"10:00 Arrived at camera
Replaced camera #66 with #21
10:30 departed 
",10:21,8/21/2020 7:42:56 PM,Carriel.Cataldi_CTDEEP,8/21/2020 7:42:56 PM,Carriel.Cataldi_CTDEEP,0,0
31,4b76df41-d546-4e85-a912-d14d942ec302,08/12/20,14:06,"M. Czarnowski, A. Hibbard",Bissell Brook_19040,19040,Simsbury,Public Water Supply,Moultrie,1,1.74,"2:05 arrived at site
Small hole in the camera, possibly storm damage
2:15 departed from site
",15:33,8/21/2020 7:42:56 PM,Carriel.Cataldi_CTDEEP,8/21/2020 7:42:56 PM,Carriel.Cataldi_CTDEEP,0,0
32,834791ee-a727-49a4-9efa-d7ab3cfd9e43,08/12/20,08:39,"M. Czarnowski, A. Hibbard",Muddy River_16880,16880,Wallingford,Public Water Supply,Reconyx,4,1.71,"8:00 departed Windsor Lab

8:30 arrived at site

Removed camera #58; replaced with #47

9:00 departed
",15:34,8/21/2020 7:42:56 PM,Carriel.Cataldi_CTDEEP,8/21/2020 7:42:56 PM,Carriel.Cataldi_CTDEEP,0,0
33,69a4713c-a9ae-4874-806d-b83d337ae6b2,08/21/20,16:12,TEST,Blackberry River_14687,14687,North Canaan,Public Water Supply,Moultrie,7,9.99,TEST GEOPOINT,16:15,8/21/2020 8:15:06 PM,Carriel.Cataldi_CTDEEP,8/21/2020 8:15:06 PM,Carriel.Cataldi_CTDEEP,-73.3254,42.0228
34,6f7f7e7c-d689-45f5-bd22-c23545eca51a,09/16/20,14:26,"M. Czarnowski, A. Hibbard",Blackberry River_14687,14687,North Canaan,Public Water Supply,Moultrie,,1.71,,14:45,9/16/2020 8:39:32 PM,WaterMonitoringAccount_CTDEEP,9/16/2020 8:39:32 PM,WaterMonitoringAccount_CTDEEP,-73.3254,42.0228
35,cf1924c7-9c6a-4453-b775-43b95bc90431,09/16/20,15:35,"M. Czarnowski, A. Hibbard",Hubbard River_15240,15240,Hartland,Reference (USGS),Reconyx,4,1.71,Replacing camera #41 with camera #45,15:55,9/16/2020 8:39:33 PM,WaterMonitoringAccount_CTDEEP,9/16/2020 8:39:33 PM,WaterMonitoringAccount_CTDEEP,-72.9384,42.0356
36,dfc4144b-8f2a-45b3-8fb7-a7f456317c6c,09/16/20,12:09,"M. Czarnowski, A. Hibbard",Salmon Creek_14434,14434,Salisbury,Reference (USGS),Moultrie,4,1.68,"Moved camera ~500 feet upstream, facing upstream, due to downed trees",12:40,9/16/2020 8:39:33 PM,WaterMonitoringAccount_CTDEEP,9/16/2020 8:39:33 PM,WaterMonitoringAccount_CTDEEP,-73.3909,41.9417
37,31c84159-4779-4163-9ae9-7e562fa1e7c4,09/16/20,13:38,"M. Czarnowski, A. Hibbard",,,,,,,1.71,"Checked in with security, pulled camera from Hotchkiss School",13:55,9/16/2020 8:39:37 PM,WaterMonitoringAccount_CTDEEP,9/16/2020 8:39:37 PM,WaterMonitoringAccount_CTDEEP,0,0
38,3f456c44-a465-4535-bc40-9c6a410067d6,09/16/20,11:26,"M. Czarnowski, A. Hibbard",Brown Brook_16139,16139,Canaan,Reference (RMN Site),Moultrie,3,1.54,Replacing camera #17 with camera #36,11:50,9/16/2020 8:39:38 PM,WaterMonitoringAccount_CTDEEP,9/16/2020 8:39:38 PM,WaterMonitoringAccount_CTDEEP,-73.2799,41.9267
39,3d30648f-3b66-4fe6-9434-f3d752d599d3,09/16/20,10:27,"M. Czarnowski, A. Hibbard",Cobble Brook_15244,15244,Kent,Public Water Supply,Reconyx,1,1.68,"
",10:50,9/16/2020 8:39:38 PM,WaterMonitoringAccount_CTDEEP,9/16/2020 8:39:38 PM,WaterMonitoringAccount_CTDEEP,-73.4572,41.7217
40,f2f53322-8841-429f-b394-e51070a0c311,09/16/20,09:08,"M. Czarnowski, A. Hibbard",Bunnell Brook_19657,19657,Burlington,Reference (USGS),Moultrie,4,1.7,,09:25,9/16/2020 8:39:38 PM,WaterMonitoringAccount_CTDEEP,9/16/2020 8:39:38 PM,WaterMonitoringAccount_CTDEEP,-72.96462,41.78626
41,c60e6256-0dba-427f-b43c-c80df95c14aa,09/16/20,08:43,"M. Czarnowski, A. Hibbard",Bunnell Brook_20153,20153,Burlington,Reference (USGS),Reconyx,4,1.67,Replacing camera #40 with #46,09:04,9/16/2020 8:39:39 PM,WaterMonitoringAccount_CTDEEP,9/16/2020 8:39:39 PM,WaterMonitoringAccount_CTDEEP,-72.96289,41.78345
42,3a7b71bb-bfb1-48ef-bec5-c4692656cbb9,09/30/20,11:16,"M. Czarnowski, A. Hibbard",Comstock Brook_16583,16583,Wilton,Reference to SID 19022,Moultrie,4,1.71,,11:22,9/30/2020 4:59:58 PM,WaterMonitoringAccount_CTDEEP,9/30/2020 4:59:58 PM,WaterMonitoringAccount_CTDEEP,-73.4622,41.2125
43,c6e13275-1f1e-41fb-bab0-b18108067639,09/30/20,10:59,"M. Czarnowski, A. Hibbard",Comstock Brook_19022,19022,Wilton,Public Water Supply,Moultrie,4,1.72,"Tree fell into stream and is blocking some of the view, but not all of it. ",11:05,9/30/2020 5:00:00 PM,WaterMonitoringAccount_CTDEEP,9/30/2020 5:00:00 PM,WaterMonitoringAccount_CTDEEP,-73.44796,41.20445
44,6f451e15-05d5-4d14-86eb-17698b69c1b9,09/30/20,09:53,"M. Czarnowski, A. Hibbard",Means Brook_20422,20422,Shelton,Public Water Supply,Moultrie,4,1.72,,10:00,9/30/2020 5:00:00 PM,WaterMonitoringAccount_CTDEEP,9/30/2020 5:00:00 PM,WaterMonitoringAccount_CTDEEP,-73.159,41.318
45,5d5e6ea1-d38b-4f06-bd16-29d4abe8c103,09/30/20,09:07,"M. Czarnowski, A. Hibbard",Race Brook_20245,20245,Orange,Golf Course,Reconyx,4,1.69,Replaced camera #57 with #59. Firmware needs to be updated.,09:15,9/30/2020 5:00:00 PM,WaterMonitoringAccount_CTDEEP,9/30/2020 5:00:00 PM,WaterMonitoringAccount_CTDEEP,-73.0247,41.29462
46,142ff7ec-1249-4c24-8200-6836f392aa3e,10/7/20,14:00,"M. Czarnowski, A. Hibbard",Muddy River_16880,16880,Wallingford,Public Water Supply,Reconyx,4,1.7,"
",14:17,10/7/2020 7:02:45 PM,Alexandria.Hibbard_CTDEEP,10/7/2020 7:02:45 PM,Alexandria.Hibbard_CTDEEP,-72.7817,41.4339
47,39257e9a-bd60-4b8e-9250-a02971a6b004,10/7/20,12:30,"M. Czarnowski, A. Hibbard",Mill River_15013,15013,Hamden,Reference to SID 19141,Moultrie,4,1.72,"Camera was accidentally not turned on. Took 1 photo. Moved camera to tree immediately to the right. Still facing US
",12:53,10/7/2020 7:03:02 PM,Alexandria.Hibbard_CTDEEP,10/7/2020 7:03:02 PM,Alexandria.Hibbard_CTDEEP,-72.9056,41.4259
48,335699da-8359-44ec-ada0-340cb0532b99,10/7/20,13:30,"M. Czarnowski, A. Hibbard",Mill River DS Cook Hill Rd_19141,19141,Cheshire,Public Water Supply,Moultrie,1,1.72,,13:40,10/7/2020 7:03:03 PM,Alexandria.Hibbard_CTDEEP,10/7/2020 7:03:03 PM,Alexandria.Hibbard_CTDEEP,-72.89661,41.467
49,b7191376-a462-4765-a398-5b22456cd537,10/7/20,13:03,"M. Czarnowski, A. Hibbard",Mill River US Cook Hill Rd_19141,19141,Cheshire,Public Water Supply,Reconyx,2,1.71,,13:30,10/7/2020 7:03:03 PM,Alexandria.Hibbard_CTDEEP,10/7/2020 7:03:03 PM,Alexandria.Hibbard_CTDEEP,-72.89661,41.467
50,5b03c22e-a724-43ba-b149-9079b7d4183c,10/7/20,09:47,"M. Czarnowski, A. Hibbard",Honeypot Brook_15193,15193,Cheshire,Public Water Supply,Moultrie,4,1.72,Stopped taking photos 9/21/2020. Replacing camera #28 with #17,10:05,10/7/2020 7:03:03 PM,Alexandria.Hibbard_CTDEEP,10/7/2020 7:03:03 PM,Alexandria.Hibbard_CTDEEP,-72.8789,41.5396
51,f723e606-c093-482f-bfe4-3e74a582c2c0,10/7/20,09:24,"M. Czarnowski, A. Hibbard",Honeypot Brook_15192,15192,Cheshire,USGS Reference to 15193,Moultrie,4,1.69,,09:41,10/7/2020 7:03:03 PM,Alexandria.Hibbard_CTDEEP,10/7/2020 7:03:03 PM,Alexandria.Hibbard_CTDEEP,-72.89037,41.52863
52,3515212e-c352-4c79-ad71-c14f7420db1c,10/7/20,08:42,"M. Czarnowski, A. Hibbard",Coppermine Brook_19091,19091,Bristol,Public Water Supply,Moultrie,1,1.7,,08:50,10/7/2020 7:03:04 PM,Alexandria.Hibbard_CTDEEP,10/7/2020 7:03:04 PM,Alexandria.Hibbard_CTDEEP,-72.9105,41.68262
53,ba535ca9-80b3-405f-81a7-435005d4d8fd,10/21/20,14:20,"M. Czarnowski, A. Hibbard",Owens Brook_16933,16933,Simsbury,Reference to SID 19040,Reconyx,4,1.71,Lock box had scratch marks on it. ,14:40,10/21/2020 7:36:17 PM,Alexandria.Hibbard_CTDEEP,10/21/2020 7:36:17 PM,Alexandria.Hibbard_CTDEEP,-72.8039,41.8878
54,e2be5ded-a26a-4f36-b074-5531567de01e,10/21/20,14:00,"M. Czarnowski, A. Hibbard",Bissell Brook_19040,19040,Simsbury,Public Water Supply,Moultrie,2,1.73,SD card was empty ,14:15,10/21/2020 7:36:30 PM,Alexandria.Hibbard_CTDEEP,10/21/2020 7:36:30 PM,Alexandria.Hibbard_CTDEEP,-72.79113,41.89904
55,4fe853b0-0a46-4ded-b48b-456c160b3ea9,10/21/20,13:30,"M. Czarnowski, A. Hibbard",West Branch Salmon Brook_15499,15499,Granby,Reference (RMN Site),Moultrie,4,1.55,,13:50,10/21/2020 7:36:30 PM,Alexandria.Hibbard_CTDEEP,10/21/2020 7:36:30 PM,Alexandria.Hibbard_CTDEEP,-72.8343,41.94096
56,b3471127-9dc4-41a2-aaaa-853dcee1b95d,10/21/20,12:10,"M. Czarnowski, A. Hibbard",Hockanum River_14237,14237,Manchester,S&G- PWS,Moultrie,4,1.7,Camera stopped taking pictures on 9/24. Batteries were still good. Replaced camera #43 with #3,12:45,10/21/2020 7:36:31 PM,Alexandria.Hibbard_CTDEEP,10/21/2020 7:36:31 PM,Alexandria.Hibbard_CTDEEP,-72.5569,41.7859
57,e00e93e9-59b9-44a3-b498-e9bbde039912,10/21/20,11:23,"M. Czarnowski, A. Hibbard",Birch Mountain Brook_18566,18566,Manchester,Public Water Supply,Handheld,4,,,11:23,10/21/2020 7:36:31 PM,Alexandria.Hibbard_CTDEEP,10/21/2020 7:36:31 PM,Alexandria.Hibbard_CTDEEP,-72.51167,41.7619
58,ef10b212-a4d4-4590-8254-ad01eb38353c,10/21/20,11:18,"M. Czarnowski, A. Hibbard",Hop Brook_19048,19048,Manchester,Public Water Supply,Handheld,4,, DS is dry,11:18,10/21/2020 7:36:31 PM,Alexandria.Hibbard_CTDEEP,10/21/2020 7:36:31 PM,Alexandria.Hibbard_CTDEEP,-72.51339,41.76242
59,5235902b-1a07-41d0-9f78-b8af96522658,10/21/20,10:30,"M. Czarnowski, A. Hibbard",Fenton River_15091,15091,Mansfield,Reference / Public Water Supply,Moultrie,4,1.7,DS site. Not certain on SID.,10:40,10/21/2020 7:36:31 PM,Alexandria.Hibbard_CTDEEP,10/21/2020 7:36:31 PM,Alexandria.Hibbard_CTDEEP,-72.2309,41.8222
60,a1f05767-b804-4d8d-8ca6-8333d1997664,10/21/20,09:45,"M. Czarnowski, A. Hibbard",Fenton River_19388,19388,Mansfield,Reference / Public Water Supply,Moultrie,4,1.7,US site. Not certain on SID.,10:20,10/21/2020 7:36:32 PM,Alexandria.Hibbard_CTDEEP,10/21/2020 7:36:32 PM,Alexandria.Hibbard_CTDEEP,-72.23468,41.82485
61,59586d59-f965-4259-aa5e-b9709e04bce5,10/21/20,09:10,"M. Czarnowski, A. Hibbard",Mount Hope River_18421,18421,Ashford,Public Water Supply,Moultrie,4,1.71,,09:35,10/21/2020 7:36:32 PM,Alexandria.Hibbard_CTDEEP,10/21/2020 7:36:32 PM,Alexandria.Hibbard_CTDEEP,-72.16559,41.8533
62,a8ad005d-f7c8-4924-8cc9-b434d7f5da92,10/21/20,08:49,"M. Czarnowski, A. Hibbard",Mount Hope River_18421,18421,Ashford,Public Water Supply,Moultrie,4,1.7,,09:00,10/21/2020 7:36:32 PM,Alexandria.Hibbard_CTDEEP,10/21/2020 7:36:32 PM,Alexandria.Hibbard_CTDEEP,-72.16559,41.8533
63,65d8b52e-3313-4384-82f0-357a0c6b182c,11/4/20,09:15,"M. Czarnowski, A. Hibbard",East Branch Eightmile River_18720,18720,Lyme,Reference (USGS),Reconyx,4,1.81,"Replaced batteries for winter season. Old batteries were 1.67. Keeping camera #63 deployed

",09:30,11/4/2020 8:04:29 PM,Alexandria.Hibbard_CTDEEP,11/4/2020 8:04:29 PM,Alexandria.Hibbard_CTDEEP,-72.33381,41.42763
64,86995fa5-b5da-44af-92f0-3111f14cda44,11/4/20,10:06,"M. Czarnowski, A. Hibbard",Bride Brook_17534,17534,East Lyme,Public Water Supply,Moultrie,1,1.67,"Removed camera #11 (double check)

",10:13,11/4/2020 8:04:36 PM,Alexandria.Hibbard_CTDEEP,11/4/2020 8:04:36 PM,Alexandria.Hibbard_CTDEEP,-72.24194,41.32329
65,c94d92aa-b6e7-47a5-ac02-3669adf8a233,11/4/20,08:27,"M. Czarnowski, A. Hibbard",Pocotopaug Creek_14400,14400,East Hampton,Private Dam,Reconyx,4,1.53,Pulled camera #48. ,08:35,11/4/2020 8:04:36 PM,Alexandria.Hibbard_CTDEEP,11/4/2020 8:04:36 PM,Alexandria.Hibbard_CTDEEP,-72.5069,41.565
66,740406d1-1a9c-4be2-a63d-d9b13fed0419,11/4/20,13:52,"M. Czarnowski, A. Hibbard",Fenton River_19388,19388,Mansfield,Reference / Public Water Supply,Moultrie,4,1.69,Removed camera #26,14:00,11/4/2020 8:04:37 PM,Alexandria.Hibbard_CTDEEP,11/4/2020 8:04:37 PM,Alexandria.Hibbard_CTDEEP,-72.2309,41.8222
67,22f41ecb-28c2-4b04-b2b0-6f8ab10063c1,11/4/20,14:05,"M. Czarnowski, A. Hibbard",Fenton River_15091,15091,Mansfield,Reference / Public Water Supply,Moultrie,4,1.68,"Removed camera #42
",14:10,11/4/2020 8:04:37 PM,Alexandria.Hibbard_CTDEEP,11/4/2020 8:04:37 PM,Alexandria.Hibbard_CTDEEP,-72.2309,41.8222
68,0473491b-fb5a-4a88-9389-0e90896db786,11/4/20,13:18,"M. Czarnowski, A. Hibbard",Mount Hope River_18421,18421,Ashford,Public Water Supply,Moultrie,4,1.59,Removed camera #37,13:19,11/4/2020 8:04:37 PM,Alexandria.Hibbard_CTDEEP,11/4/2020 8:04:37 PM,Alexandria.Hibbard_CTDEEP,-72.16559,41.8533
69,3584f5d4-c735-4e45-8030-d67ad05ab72f,11/4/20,12:50,"M. Czarnowski, A. Hibbard",Mount Hope River_15801,15801,Ashford,Reference (USGS),Reconyx,4,1.8,"Old batteries - 1.67
",12:58,11/4/2020 8:04:38 PM,Alexandria.Hibbard_CTDEEP,11/4/2020 8:04:38 PM,Alexandria.Hibbard_CTDEEP,-72.1694,41.8436
70,d24a409c-53da-469c-87e3-9979cbd15117,11/4/20,11:19,"M. Czarnowski, A. Hibbard",Pendleton Hill Brook_15796,15796,North Stonington,Reference (USGS & RMN Site),Reconyx,4,1.8,Old batteries - 1.66,11:19,11/4/2020 8:04:38 PM,Alexandria.Hibbard_CTDEEP,11/4/2020 8:04:38 PM,Alexandria.Hibbard_CTDEEP,-71.8342,41.4748
71,eca99d38-53d0-457d-98ad-5ac9e420301e,11/4/20,10:45,"M. Czarnowski, A. Hibbard",Whitford Brook_16269,16269,Ledyard,Public Water Supply,Reconyx,4,1.58,Removed camera #62,10:57,11/4/2020 8:04:39 PM,Alexandria.Hibbard_CTDEEP,11/4/2020 8:04:39 PM,Alexandria.Hibbard_CTDEEP,-71.9596,41.4127
72,a0faaeaa-920c-4dc8-be5a-267fc3e883f1,11/9/20,14:10,"M. Czarnowski, A. Hibbard",Hubbard River_15240,15240,Hartland,Reference (USGS),Reconyx,4,1.79,Old batteries - 1.71,14:35,11/9/2020 8:33:37 PM,Alexandria.Hibbard_CTDEEP,11/9/2020 8:33:37 PM,Alexandria.Hibbard_CTDEEP,-72.9384,42.0356
73,88d83b0d-aed0-4f62-a291-94598fd7dc55,11/9/20,13:05,"M. Czarnowski, A. Hibbard",Blackberry River_14687,14687,North Canaan,Public Water Supply,Moultrie,4,1.7,Removed camera #20,13:20,11/9/2020 8:33:37 PM,Alexandria.Hibbard_CTDEEP,11/9/2020 8:33:37 PM,Alexandria.Hibbard_CTDEEP,-73.3254,42.0228
74,65d3f825-34f3-44c6-97e5-0f236e4b1864,11/9/20,12:16,"M. Czarnowski, A. Hibbard",,,,,,,1.8,Camera #40 at senior center ,12:35,11/9/2020 8:33:39 PM,Alexandria.Hibbard_CTDEEP,11/9/2020 8:33:39 PM,Alexandria.Hibbard_CTDEEP,0,0
75,0b628366-a3ed-4651-b17d-cf0bac77c5cc,11/9/20,11:40,"M. Czarnowski, A. Hibbard",Salmon Creek_14434,14434,Salisbury,Reference (USGS),Moultrie,4,1.55,Removed camera #15,11:55,11/9/2020 8:33:39 PM,Alexandria.Hibbard_CTDEEP,11/9/2020 8:33:39 PM,Alexandria.Hibbard_CTDEEP,-73.3909,41.9417
76,4cb7e498-d4a0-4a45-b131-f35172041ec3,11/9/20,11:02,"M. Czarnowski, A. Hibbard",Brown Brook_16139,16139,Canaan,Reference (RMN Site),Moultrie,4,1.8,Old batteries - 1.51,11:15,11/9/2020 8:33:39 PM,Alexandria.Hibbard_CTDEEP,11/9/2020 8:33:39 PM,Alexandria.Hibbard_CTDEEP,-73.2799,41.9267
77,cd68d3d0-a686-48f6-abc0-e45f02e4a35b,11/9/20,10:00,"M. Czarnowski, A. Hibbard",Cobble Brook_15244,15244,Kent,Public Water Supply,Reconyx,4,1.7,Removed camera #49,10:15,11/9/2020 8:33:40 PM,Alexandria.Hibbard_CTDEEP,11/9/2020 8:33:40 PM,Alexandria.Hibbard_CTDEEP,-73.4572,41.7217
78,1a245ff3-9c8c-4414-b23f-926e3ac5cea8,11/9/20,09:00,"M. Czarnowski, A. Hibbard",Bunnell Brook_19657,19657,Burlington,Reference (USGS),Moultrie,4,1.8,Old batteries - 1.68,09:10,11/9/2020 8:33:40 PM,Alexandria.Hibbard_CTDEEP,11/9/2020 8:33:40 PM,Alexandria.Hibbard_CTDEEP,-72.96462,41.78626
79,309bade7-9a54-4dad-a377-55ee0a8d3c2b,11/9/20,08:35,"M. Czarnowski, A. Hibbard",Bunnell Brook_20153,20153,Burlington,Reference (USGS),Reconyx,4,1.8,Old batteries - 1.67,08:55,11/9/2020 8:33:40 PM,Alexandria.Hibbard_CTDEEP,11/9/2020 8:33:40 PM,Alexandria.Hibbard_CTDEEP,-72.96289,41.78345
80,d8125573-9c46-4d1a-b07a-0af1cfd55269,11/18/20,14:01,"M. Czarnowski, A. Hibbard",Muddy River_16880,16880,Wallingford,Public Water Supply,Reconyx,4,1.62,Removed camera #47,14:10,11/18/2020 7:57:40 PM,Alexandria.Hibbard_CTDEEP,11/18/2020 7:57:40 PM,Alexandria.Hibbard_CTDEEP,-72.7817,41.4339
81,442b6b59-f70a-4d92-b66e-17d1cdbb78a7,11/18/20,13:30,"M. Czarnowski, A. Hibbard",Honeypot Brook_15193,15193,Cheshire,Public Water Supply,Moultrie,4,1.67,Removed camera #17,13:35,11/18/2020 7:57:41 PM,Alexandria.Hibbard_CTDEEP,11/18/2020 7:57:41 PM,Alexandria.Hibbard_CTDEEP,-72.8789,41.5396
82,f27523f1-4b53-4314-9ce2-5d86981a3170,11/18/20,13:16,"M. Czarnowski, A. Hibbard",Honeypot Brook_15192,15192,Cheshire,USGS Reference to 15193,Moultrie,4,1.7,Removed camera #52,13:21,11/18/2020 7:57:42 PM,Alexandria.Hibbard_CTDEEP,11/18/2020 7:57:42 PM,Alexandria.Hibbard_CTDEEP,-72.89037,41.52863
83,da27d6a2-efc9-4046-b47b-2dac344f3596,11/18/20,12:40,"M. Czarnowski, A. Hibbard",Mill River DS Cook Hill Rd_19141,19141,Cheshire,Public Water Supply,Moultrie,2,1.69,Removed camera #21,12:46,11/18/2020 7:57:42 PM,Alexandria.Hibbard_CTDEEP,11/18/2020 7:57:42 PM,Alexandria.Hibbard_CTDEEP,-72.89661,41.467
84,628314b0-b405-4536-9efa-6d96d6494e91,11/18/20,12:20,"M. Czarnowski, A. Hibbard",Mill River US Cook Hill Rd_19141,19141,Cheshire,Public Water Supply,Reconyx,4,1.67,Removed camera #53,12:35,11/18/2020 7:57:42 PM,Alexandria.Hibbard_CTDEEP,11/18/2020 7:57:42 PM,Alexandria.Hibbard_CTDEEP,-72.89661,41.467
85,c7238613-61e0-40da-857d-cb00f67d6645,11/18/20,11:52,"M. Czarnowski, A. Hibbard",Mill River_15013,15013,Hamden,Reference to SID 19141,Moultrie,4,1.69,Removed camera #22,00:03,11/18/2020 7:57:43 PM,Alexandria.Hibbard_CTDEEP,11/18/2020 7:57:43 PM,Alexandria.Hibbard_CTDEEP,-72.9056,41.4259
86,148bfd4b-b46c-4e77-b950-9852a9a5fdf5,11/18/20,10:20,"M. Czarnowski, A. Hibbard",Comstock Brook_19022,19022,Wilton,Public Water Supply,Moultrie,3,1.66,"Removed camera #33
",10:30,11/18/2020 7:57:43 PM,Alexandria.Hibbard_CTDEEP,11/18/2020 7:57:43 PM,Alexandria.Hibbard_CTDEEP,-73.44796,41.20445
87,ea6a812e-7c97-4971-9eee-9418f83e66b9,11/18/20,10:41,"M. Czarnowski, A. Hibbard",Comstock Brook_16583,16583,Wilton,Reference to SID 19022,Moultrie,4,1.66,"Removed camera #35


",10:45,11/18/2020 7:57:44 PM,Alexandria.Hibbard_CTDEEP,11/18/2020 7:57:44 PM,Alexandria.Hibbard_CTDEEP,-73.4622,41.2125
88,6c9e3d67-6ed6-43cc-9810-1081f5fd4367,11/18/20,09:18,"M. Czarnowski, A. Hibbard",Means Brook_20422,20422,Shelton,Public Water Supply,Moultrie,4,1.66,Removed camera #55,09:31,11/18/2020 7:57:44 PM,Alexandria.Hibbard_CTDEEP,11/18/2020 7:57:44 PM,Alexandria.Hibbard_CTDEEP,-73.159,41.318
89,2a4f9f52-de38-4338-8b79-105dfda91621,11/18/20,08:38,"M. Czarnowski, A. Hibbard",Race Brook_20245,20245,Orange,Golf Course,Reconyx,4,1.62,Removed camera #59,08:50,11/18/2020 7:57:44 PM,Alexandria.Hibbard_CTDEEP,11/18/2020 7:57:44 PM,Alexandria.Hibbard_CTDEEP,-73.0247,41.29462
90,b68e2f91-8160-4b0a-91fa-5fe12a1f8f2d,11/23/20,09:48,"M. Czarnowski, A. Hibbard",West Branch Salmon Brook_15499,15499,Granby,Reference (RMN Site),Moultrie,4,1.8,Old batteries 1.51,10:00,11/23/2020 3:41:51 PM,Melissa.Czarnowski_CTDEEP,11/23/2020 3:41:51 PM,Melissa.Czarnowski_CTDEEP,-72.8343,41.94096
91,18308a6b-2055-4b6e-8897-27ae74d1af66,11/23/20,09:31,"M. Czarnowski, A. Hibbard",Bissell Brook_19040,19040,Simsbury,Public Water Supply,Moultrie,4,1.68,Removed camera #23,09:40,11/23/2020 3:42:02 PM,Melissa.Czarnowski_CTDEEP,11/23/2020 3:42:02 PM,Melissa.Czarnowski_CTDEEP,-72.79113,41.89904
92,9685e5c4-54ff-43fe-8904-efe8ad588d73,11/23/20,09:15,"M. Czarnowski, A. Hibbard",Owens Brook_16933,16933,Simsbury,Reference to SID 19040,Reconyx,5,1.66,Removed camera #61,09:25,11/23/2020 3:42:02 PM,Melissa.Czarnowski_CTDEEP,11/23/2020 3:42:02 PM,Melissa.Czarnowski_CTDEEP,-72.8039,41.8878
93,e38d128c-c7c3-4cae-aa5a-136c28885f1c,11/23/20,08:25,"M. Czarnowski, A. Hibbard",Coppermine Brook_19091,19091,Bristol,Public Water Supply,Moultrie,5,,"Did not get camera, flows were too high to wade in",08:34,11/23/2020 3:42:02 PM,Melissa.Czarnowski_CTDEEP,11/23/2020 3:42:02 PM,Melissa.Czarnowski_CTDEEP,-72.9105,41.68262
94,de5c935a-8a92-43fe-8a5c-2fa31a62677e,04/8/21,11:31,"M. Czarnowski, A. Hibbard",Coppermine Brook_19091,19091,Bristol,Public Water Supply,Moultrie,4,1.64,"End of strap got cut off and tied to rest of strap
",11:45,4/8/2021 5:39:15 PM,Tracy.Lizotte_CTDEEP,4/8/2021 5:39:15 PM,Tracy.Lizotte_CTDEEP,-72.9105,41.68262
95,4d9ababa-70d6-4eba-9e91-c0909a5771d3,04/8/21,12:20,"M. Czarnowski, A. Hibbard",Bunnell Brook_20153,20153,Burlington,Reference (USGS),Reconyx,4,1.7,,12:35,4/8/2021 5:39:16 PM,Tracy.Lizotte_CTDEEP,4/8/2021 5:39:16 PM,Tracy.Lizotte_CTDEEP,-72.96289,41.78345
96,ce3cce43-9d4a-404c-b41e-0f67e6c68aad,04/8/21,12:37,"M. Czarnowski, A. Hibbard",Bunnell Brook_19657,19657,Burlington,Reference (USGS),Moultrie,4,1.71,,12:45,4/8/2021 5:39:16 PM,Tracy.Lizotte_CTDEEP,4/8/2021 5:39:16 PM,Tracy.Lizotte_CTDEEP,-72.96462,41.78626
97,320a5618-4d45-4309-b346-15a3a89f574a,05/19/21,10:48,"M. Czarnowski, A. Hibbard",,,,,,3,1.8,"Deployed camera #41
41 4’59”
73 38’26”",10:48,5/19/2021 8:04:45 PM,Alexandria.Hibbard_CTDEEP,5/19/2021 8:04:45 PM,Alexandria.Hibbard_CTDEEP,0,0
98,5977206b-18f9-42a7-ab47-976dfda55a50,05/19/21,12:27,"M. Czarnowski, A. Hibbard",Means Brook_20422,20422,Shelton,Public Water Supply,Moultrie,4,1.79,Deployed camera #47 on tree overhanging Brook (same location as 2020),12:27,5/19/2021 8:04:45 PM,Alexandria.Hibbard_CTDEEP,5/19/2021 8:04:45 PM,Alexandria.Hibbard_CTDEEP,-73.159,41.318
99,186f563f-0716-4a58-bd05-79517e1dab26,05/19/21,13:49,"M. Czarnowski, A. Hibbard",,,,,,4,1.8,"Deployed camera #11. Camera is upstream of bridge, on left bank if facing upstreamp",14:00,5/19/2021 8:04:46 PM,Alexandria.Hibbard_CTDEEP,5/19/2021 8:04:46 PM,Alexandria.Hibbard_CTDEEP,0,0
100,a5d7044f-8f4c-4a4a-ba43-8f5970d9fd10,05/19/21,14:47,"M. Czarnowski, A. Hibbard",,,,,,4,1.8,Deployed camera #15. Camera located ~20 feet upstream of confluence with Marks Brook,14:47,5/19/2021 8:04:46 PM,Alexandria.Hibbard_CTDEEP,5/19/2021 8:04:46 PM,Alexandria.Hibbard_CTDEEP,0,0
101,b3794372-418f-4226-ad80-66a1de30efb2,05/27/21,12:17,"M. Czarnowski, A. Hibbard",,,,,,4,1.73,"Marks bk, site near staff gage",12:17,5/27/2021 7:16:50 PM,Alexandria.Hibbard_CTDEEP,5/27/2021 7:16:50 PM,Alexandria.Hibbard_CTDEEP,0,0
102,c291f408-17fd-4410-acc9-4f856864ea4c,05/27/21,12:31,"M. Czarnowski, A. Hibbard",,,,,,1,1.72,Marks Brook upstream site,12:31,5/27/2021 7:16:50 PM,Alexandria.Hibbard_CTDEEP,5/27/2021 7:16:50 PM,Alexandria.Hibbard_CTDEEP,0,0
103,2ebbf364-215c-4294-b03f-25ee64704e82,05/27/21,12:44,"M. Czarnowski, A. Hibbard",,,,,,4,1.72,Marks Brook down stream camera,12:44,5/27/2021 7:16:50 PM,Alexandria.Hibbard_CTDEEP,5/27/2021 7:16:50 PM,Alexandria.Hibbard_CTDEEP,0,0
104,83178127-a018-42fb-90d0-8765474e4a7f,05/27/21,14:11,"M. Czarnowski, A. Hibbard",Mill River_15013,15013,Hamden,Reference to SID 19141,Moultrie,4,1.8,"Camera #17, same location as last year, on right bank if facing US, camera is facing downstream",14:11,5/27/2021 7:16:51 PM,Alexandria.Hibbard_CTDEEP,5/27/2021 7:16:51 PM,Alexandria.Hibbard_CTDEEP,-72.9056,41.4259
105,5b1fa319-eb72-4e1f-b757-6b5e6dc749dc,06/9/21,09:46,"M. Czarnowski, A. Hibbard",Mill River US Cook Hill Rd_19141,19141,Cheshire,Public Water Supply,Reconyx,4,1.8,No flow. Stagnant water. Camera #20. On right bank if facing upstream,10:00,6/9/2021 7:10:04 PM,Alexandria.Hibbard_CTDEEP,6/9/2021 7:10:04 PM,Alexandria.Hibbard_CTDEEP,-72.89661,41.467
106,4e6f47b9-2fd5-4ed2-bcb0-20259dcbad0d,06/9/21,11:39,"M. Czarnowski, A. Hibbard",,,,,,4,1.8,Nod Brook. Camera #21. Camera is on right bank if facing downstream,12:30,6/9/2021 7:10:04 PM,Alexandria.Hibbard_CTDEEP,6/9/2021 7:10:04 PM,Alexandria.Hibbard_CTDEEP,0,0
107,cd3b8950-5cb3-4480-bd65-2fb83cf969c8,06/9/21,13:36,"M. Czarnowski, A. Hibbard",West Branch Salmon Brook_15499,15499,Granby,Reference (RMN Site),Moultrie,4,1.72,,13:50,6/9/2021 7:10:04 PM,Alexandria.Hibbard_CTDEEP,6/9/2021 7:10:04 PM,Alexandria.Hibbard_CTDEEP,-72.8343,41.94096
108,b8bce2fd-3903-4a8f-8e51-3d8fbf3451ec,06/16/21,08:48,"M. Czarnowski, A. Hibbard",Pocotopaug Creek_14400,14400,East Hampton,Private Dam,Reconyx,4,1.81,Deployed camera #33 on same tree as in 2019 (left hand side facing US on the stream bend),08:48,6/16/2021 7:03:25 PM,Alexandria.Hibbard_CTDEEP,6/16/2021 7:03:25 PM,Alexandria.Hibbard_CTDEEP,-72.5069,41.565
109,4f81fa12-a737-4a90-af4f-e6f5f9e53c03,06/16/21,09:43,"M. Czarnowski, A. Hibbard",East Branch Eightmile River_18720,18720,Lyme,Reference (USGS),Reconyx,4,1.69,Same camera through winter and spring. No failures; working properly. ,09:43,6/16/2021 7:03:26 PM,Alexandria.Hibbard_CTDEEP,6/16/2021 7:03:26 PM,Alexandria.Hibbard_CTDEEP,-72.33381,41.42763
110,235dee25-08e4-4e0d-a16a-216d2bca90ad,06/16/21,10:28,"M. Czarnowski, A. Hibbard",Bride Brook_17534,17534,East Lyme,Public Water Supply,Moultrie,4,1.8,Deployed camera #35 ~10 feet upstream from 2020 location. Camera located on left side of bank facing upstream. ,10:28,6/16/2021 7:03:26 PM,Alexandria.Hibbard_CTDEEP,6/16/2021 7:03:26 PM,Alexandria.Hibbard_CTDEEP,-72.24194,41.32329
111,73dfa251-0384-4639-88a6-cf3121ce310c,06/16/21,11:33,"M. Czarnowski, A. Hibbard",Pendleton Hill Brook_15796,15796,North Stonington,Reference (USGS & RMN Site),Reconyx,4,1.71,Same camera through winter and spring. No failures; camera working properly,11:33,6/16/2021 7:03:27 PM,Alexandria.Hibbard_CTDEEP,6/16/2021 7:03:27 PM,Alexandria.Hibbard_CTDEEP,-71.8342,41.4748
112,f513f85d-508b-4c82-bf7e-9194da500109,06/16/21,13:28,"M. Czarnowski, A. Hibbard",Mount Hope River_18421,18421,Ashford,Public Water Supply,Moultrie,4,1.8,Deployed camera #37 at same location as in 2020,13:28,6/16/2021 7:03:27 PM,Alexandria.Hibbard_CTDEEP,6/16/2021 7:03:27 PM,Alexandria.Hibbard_CTDEEP,-72.16559,41.8533
113,99be3ff3-1965-4084-82b1-b9eaa3a30093,06/16/21,13:54,"M. Czarnowski, A. Hibbard",Mount Hope River_15801,15801,Ashford,Reference (USGS),Reconyx,4,1.74,Same camera that was through spring and winter. No issues; working properly,13:54,6/16/2021 7:03:27 PM,Alexandria.Hibbard_CTDEEP,6/16/2021 7:03:27 PM,Alexandria.Hibbard_CTDEEP,-72.1694,41.8436
114,5bcd45b6-4a65-4791-8662-3a4b707114b7,06/23/21,09:49,"M. Czarnowski, A. Hibbard",Cobble Brook_15244,15244,Kent,Public Water Supply,Reconyx,4,1.81,"Camera #53. Located on same tree as last year, on left bank if facing downstream",10:10,6/23/2021 7:13:50 PM,Alexandria.Hibbard_CTDEEP,6/23/2021 7:13:50 PM,Alexandria.Hibbard_CTDEEP,-73.4572,41.7217
115,cfd25e39-afe1-465d-a43d-a8cc107995b3,06/23/21,10:53,"M. Czarnowski, A. Hibbard",Brown Brook_16139,16139,Canaan,Reference (RMN Site),Moultrie,4,1.71,,11:10,6/23/2021 7:13:51 PM,Alexandria.Hibbard_CTDEEP,6/23/2021 7:13:51 PM,Alexandria.Hibbard_CTDEEP,-73.2799,41.9267
116,7c3e304c-4617-4309-80e9-5833edfef1ab,06/23/21,11:31,"M. Czarnowski, A. Hibbard",Salmon Creek_14434,14434,Salisbury,Reference (USGS),Moultrie,4,1.8,"Camera #42. Located on same tree as last year, on right bank if facing downstream",11:45,6/23/2021 7:13:51 PM,Alexandria.Hibbard_CTDEEP,6/23/2021 7:13:51 PM,Alexandria.Hibbard_CTDEEP,-73.3909,41.9417
117,d213995e-e611-4a00-99d7-5b0b94666637,06/23/21,12:39,"M. Czarnowski, A. Hibbard",Blackberry River_14687,14687,North Canaan,Public Water Supply,Moultrie,4,1.8,"Camera #52. Located on same tree as last year, on left bank if facing upstream",13:00,6/23/2021 7:13:51 PM,Alexandria.Hibbard_CTDEEP,6/23/2021 7:13:51 PM,Alexandria.Hibbard_CTDEEP,-73.3254,42.0228
118,045cbddf-90d2-45f6-8851-bf1a5aac1f33,06/23/21,14:09,"M. Czarnowski, A. Hibbard",Hubbard River_15240,15240,Hartland,Reference (USGS),Reconyx,4,1.69,,14:30,6/23/2021 7:13:52 PM,Alexandria.Hibbard_CTDEEP,6/23/2021 7:13:52 PM,Alexandria.Hibbard_CTDEEP,-72.9384,42.0356
119,0b8bce98-e5fc-4ae2-88bb-d1dd0cb09cf6,06/30/21,08:59,"M. Czarnowski, A. Hibbard",Hockanum River_14237,14237,Manchester,S&G- PWS,Moultrie,4,,Flow was too fast to safely cross the River. There were not adequate tree options to deploy a camera without crossing. ,08:59,6/30/2021 5:25:54 PM,Alexandria.Hibbard_CTDEEP,6/30/2021 5:25:54 PM,Alexandria.Hibbard_CTDEEP,-72.5569,41.7859
120,59ccd117-ffed-44d6-8995-41e8176213b0,06/30/21,09:11,"M. Czarnowski, A. Hibbard",Fenton River_19388,19388,Mansfield,Reference / Public Water Supply,Moultrie,4,1.8,Deployed camera #38 at same location as 2019; camera facing US,09:11,6/30/2021 5:25:54 PM,Alexandria.Hibbard_CTDEEP,6/30/2021 5:25:54 PM,Alexandria.Hibbard_CTDEEP,-72.23468,41.82485
121,f33c2527-5645-4b64-9203-917a86e20564,06/30/21,09:33,"M. Czarnowski, A. Hibbard",Fenton River_15091,15091,Mansfield,Reference / Public Water Supply,Moultrie,4,1.8,Deployed camera #43 at same location as 2019. Camera facing US,09:33,6/30/2021 5:26:00 PM,Alexandria.Hibbard_CTDEEP,6/30/2021 5:26:00 PM,Alexandria.Hibbard_CTDEEP,-72.2309,41.8222
122,52aff14c-1c0d-45c4-b0d7-75121c5aa6b6,06/30/21,11:09,"M. Czarnowski, A. Hibbard",Bunnell Brook_20153,20153,Burlington,Reference (USGS),Reconyx,,1.69,Camera still functioning properly. No issues. ,11:09,6/30/2021 5:26:02 PM,Alexandria.Hibbard_CTDEEP,6/30/2021 5:26:02 PM,Alexandria.Hibbard_CTDEEP,-72.96289,41.78345
123,685d8d45-d75a-4ef7-b1d0-53fa8696d7bd,06/30/21,11:24,"M. Czarnowski, A. Hibbard",Bunnell Brook_19657,19657,Burlington,Reference (USGS),Moultrie,4,1.71,Camera still functioning properly. No issues. ,11:24,6/30/2021 5:26:03 PM,Alexandria.Hibbard_CTDEEP,6/30/2021 5:26:03 PM,Alexandria.Hibbard_CTDEEP,-72.96462,41.78626
124,39ba3e29-ee9e-4355-a1a5-698bf55eba32,06/30/21,12:25,"M. Czarnowski, A. Hibbard",Coppermine Brook_19091,19091,Bristol,Public Water Supply,Moultrie,4,1.8,"Camera #16 failed on 6/11/2021. Old battery voltages:
Replaced with camera #16 in same location",12:25,6/30/2021 5:26:04 PM,Alexandria.Hibbard_CTDEEP,6/30/2021 5:26:04 PM,Alexandria.Hibbard_CTDEEP,-72.9105,41.68262
125,1b4b6cab-5aef-4643-ae18-7c80dfda19db,07/7/21,08:50,"M. Czarnowski, A. Hibbard",,,,,,4,1.72,"Marks brook, DS site",09:05,7/7/2021 5:18:55 PM,Alexandria.Hibbard_CTDEEP,7/7/2021 5:18:55 PM,Alexandria.Hibbard_CTDEEP,0,0
126,b70b9151-102f-4b28-a869-5c7c4ffae132,07/7/21,09:09,"M. Czarnowski, A. Hibbard",,,,,,4,1.76,"Marks brook, middle site. Camera #22 stopped taking pictures on June 23. Replaced with camera #28. Used same batteries since they were still good.",09:20,7/7/2021 5:18:56 PM,Alexandria.Hibbard_CTDEEP,7/7/2021 5:18:56 PM,Alexandria.Hibbard_CTDEEP,0,0
127,477cee7d-7c28-43fa-a73f-95e6569c69ae,07/7/21,09:29,"M. Czarnowski, A. Hibbard",,,,,,4,1.72,"Marks brook, US site",09:35,7/7/2021 5:18:56 PM,Alexandria.Hibbard_CTDEEP,7/7/2021 5:18:56 PM,Alexandria.Hibbard_CTDEEP,0,0
128,dcb3b009-b8e4-476d-ac2f-fbdd16955065,07/7/21,10:07,"M. Czarnowski, A. Hibbard",,,,,,4,1.73,"Beacon hill brook, SID 19599",10:30,7/7/2021 5:18:56 PM,Alexandria.Hibbard_CTDEEP,7/7/2021 5:18:56 PM,Alexandria.Hibbard_CTDEEP,0,0
129,cb44b6a5-5955-4888-8dd6-6b49531d5d70,07/7/21,10:32,"M. Czarnowski, A. Hibbard",,,,,,4,1.74,"Beacon hill brook, SID 19600. Camera #11 only took one picture on the day of deployment. Replaced with camera #49. New battery voltage: 1.81",10:45,7/7/2021 5:18:57 PM,Alexandria.Hibbard_CTDEEP,7/7/2021 5:18:57 PM,Alexandria.Hibbard_CTDEEP,0,0
130,6d3af020-6b8c-4c68-bc32-7b47ba300c05,07/7/21,11:22,"M. Czarnowski, A. Hibbard",Mill River_15013,15013,Hamden,Reference to SID 19141,Moultrie,4,1.73,,11:35,7/7/2021 5:18:57 PM,Alexandria.Hibbard_CTDEEP,7/7/2021 5:18:57 PM,Alexandria.Hibbard_CTDEEP,-72.9056,41.4259
131,15cb7532-2cce-4fd5-b523-7831da81e76f,07/7/21,11:52,"M. Czarnowski, A. Hibbard",Mill River US Cook Hill Rd_19141,19141,Cheshire,Public Water Supply,Reconyx,4,1.74,"Essentially no flow, stagnant water",12:00,7/7/2021 5:20:13 PM,Alexandria.Hibbard_CTDEEP,7/7/2021 5:20:13 PM,Alexandria.Hibbard_CTDEEP,-72.89661,41.467
132,497b14ed-3ab1-48cd-be18-09986438a7e2,07/7/21,11:52,"M. Czarnowski, A. Hibbard",Mill River US Cook Hill Rd_19141,19141,Cheshire,Public Water Supply,Reconyx,4,1.74,"Essentially no flow, stagnant water",12:00,7/7/2021 5:20:23 PM,Alexandria.Hibbard_CTDEEP,7/7/2021 5:20:23 PM,Alexandria.Hibbard_CTDEEP,-72.89661,41.467
133,ee6fa837-6ed4-47e8-a159-d43c00bb20f0,07/14/21,08:48,"M. Czarnowski, A. Hibbard",Pocotopaug Creek_14400,14400,East Hampton,Private Dam,Reconyx,5,1.74,Camera still functioning properly,08:48,7/14/2021 6:36:36 PM,Alexandria.Hibbard_CTDEEP,7/14/2021 6:36:36 PM,Alexandria.Hibbard_CTDEEP,-72.5069,41.565
134,870eb424-277e-487e-92ce-0082666baef7,07/14/21,09:40,"M. Czarnowski, A. Hibbard",East Branch Eightmile River_18720,18720,Lyme,Reference (USGS),Reconyx,4,1.73,Camera still working properly,09:40,7/14/2021 6:36:36 PM,Alexandria.Hibbard_CTDEEP,7/14/2021 6:36:36 PM,Alexandria.Hibbard_CTDEEP,-72.33381,41.42763
135,ec286fff-7eb2-4dae-9576-8319fde74b95,07/14/21,10:23,"M. Czarnowski, A. Hibbard",Bride Brook_17534,17534,East Lyme,Public Water Supply,Moultrie,4,1.73,Camera still working properly,10:23,7/14/2021 6:36:37 PM,Alexandria.Hibbard_CTDEEP,7/14/2021 6:36:37 PM,Alexandria.Hibbard_CTDEEP,-72.24194,41.32329
136,1bf7f90f-8f65-47fb-97c9-18ce5d1bed1e,07/14/21,11:19,"M. Czarnowski, A. Hibbard",Pendleton Hill Brook_15796,15796,North Stonington,Reference (USGS & RMN Site),Reconyx,4,1.72,Camera still working properly,11:19,7/14/2021 6:36:37 PM,Alexandria.Hibbard_CTDEEP,7/14/2021 6:36:37 PM,Alexandria.Hibbard_CTDEEP,-71.8342,41.4748
137,22cfce01-421a-4bb7-834d-6609c35acf79,07/14/21,13:09,"M. Czarnowski, A. Hibbard",Mount Hope River_15801,15801,Ashford,Reference (USGS),Reconyx,4,1.71,Camera still working properly,13:09,7/14/2021 6:36:37 PM,Alexandria.Hibbard_CTDEEP,7/14/2021 6:36:37 PM,Alexandria.Hibbard_CTDEEP,-72.1694,41.8436
138,3701e51c-6ba6-44cb-b4a4-d85e726a1f8e,07/14/21,13:36,"M. Czarnowski, A. Hibbard",Mount Hope River_18421,18421,Ashford,Public Water Supply,Moultrie,4,1.81,"Camera #37 failed. Replaced with camera #54. 
",13:36,7/14/2021 6:36:37 PM,Alexandria.Hibbard_CTDEEP,7/14/2021 6:36:37 PM,Alexandria.Hibbard_CTDEEP,-72.16559,41.8533
139,195f74fa-4e2a-4f9c-833b-f5719de4de65,07/21/21,08:22,"M. Czarnowski, A. Hibbard",Hockanum River_14237,14237,Manchester,S&G- PWS,Moultrie,6,,Did not access camera. Flows were too high,08:22,7/21/2021 6:20:10 PM,Alexandria.Hibbard_CTDEEP,7/21/2021 6:20:10 PM,Alexandria.Hibbard_CTDEEP,-72.5569,41.7859
140,5915e9bd-7e3b-4081-afb4-84eca87aedd5,07/21/21,09:06,"M. Czarnowski, A. Hibbard",Fenton River_19388,19388,Mansfield,Reference / Public Water Supply,Moultrie,5,1.81,US site. Camera #38 got flooded. Replaced with camera #66. Battery voltage is for new batteries.,09:30,7/21/2021 6:20:11 PM,Alexandria.Hibbard_CTDEEP,7/21/2021 6:20:11 PM,Alexandria.Hibbard_CTDEEP,-72.2309,41.8222
141,2fadfa0c-1f74-4225-8860-2fa74d398883,07/21/21,09:40,"M. Czarnowski, A. Hibbard",Fenton River_15091,15091,Mansfield,Reference / Public Water Supply,Moultrie,5,1.73,,09:50,7/21/2021 6:20:11 PM,Alexandria.Hibbard_CTDEEP,7/21/2021 6:20:11 PM,Alexandria.Hibbard_CTDEEP,-72.2309,41.8222
142,b25a2ee6-21fc-461e-8fca-5816264f0d80,07/21/21,10:57,"M. Czarnowski, A. Hibbard",,,,,,4,1.75,Nod brook,11:10,7/21/2021 6:20:12 PM,Alexandria.Hibbard_CTDEEP,7/21/2021 6:20:12 PM,Alexandria.Hibbard_CTDEEP,0,0
143,92d0fa76-a003-436b-9b26-ce9ea09df8ea,07/21/21,12:30,"M. Czarnowski, A. Hibbard",Bunnell Brook_20153,20153,Burlington,Reference (USGS),Reconyx,4,1.71,,12:45,7/21/2021 6:20:12 PM,Alexandria.Hibbard_CTDEEP,7/21/2021 6:20:12 PM,Alexandria.Hibbard_CTDEEP,-72.96289,41.78345
144,a1484242-32e5-4fca-8604-1c2426dcb4ad,07/21/21,12:50,"M. Czarnowski, A. Hibbard",Bunnell Brook_19657,19657,Burlington,Reference (USGS),Moultrie,4,1.7,,13:00,7/21/2021 6:20:12 PM,Alexandria.Hibbard_CTDEEP,7/21/2021 6:20:12 PM,Alexandria.Hibbard_CTDEEP,-72.96462,41.78626
145,eed2f80c-085d-4e9b-8ff1-733c4d69f2a3,07/21/21,13:30,"M. Czarnowski, A. Hibbard",Coppermine Brook_19091,19091,Bristol,Public Water Supply,Moultrie,4,1.72,,13:45,7/21/2021 6:20:13 PM,Alexandria.Hibbard_CTDEEP,7/21/2021 6:20:13 PM,Alexandria.Hibbard_CTDEEP,-72.9105,41.68262
146,791a1543-36e8-489f-91dc-80b6d5be67e4,08/18/21,09:31,"M. Czarnowski, A. Hibbard",Cobble Brook_15244,15244,Kent,Public Water Supply,Reconyx,3,1.72,,09:45,8/18/2021 6:44:18 PM,Alexandria.Hibbard_CTDEEP,8/18/2021 6:44:18 PM,Alexandria.Hibbard_CTDEEP,-73.4572,41.7217
147,7cc08ecb-6a5a-4bc4-be0f-d584485d205e,08/18/21,10:20,"M. Czarnowski, A. Hibbard",Brown Brook_16139,16139,Canaan,Reference (RMN Site),Moultrie,4,,Battery voltage reader stopped working. Camera was still taking pictures so we left the batteries,10:30,8/18/2021 6:44:18 PM,Alexandria.Hibbard_CTDEEP,8/18/2021 6:44:18 PM,Alexandria.Hibbard_CTDEEP,-73.2799,41.9267
148,9ba6d452-3c09-43e8-8df7-39091133585c,08/18/21,10:45,"M. Czarnowski, A. Hibbard",Salmon Creek_14434,14434,Salisbury,Reference (USGS),Moultrie,4,,"Camera took pictures today, left batteries",10:55,8/18/2021 6:44:19 PM,Alexandria.Hibbard_CTDEEP,8/18/2021 6:44:19 PM,Alexandria.Hibbard_CTDEEP,-72.8343,41.94096
149,5858b16f-03fc-40fc-8832-5f483b1aa2fd,08/18/21,12:17,"M. Czarnowski, A. Hibbard",,,,,,4,,"Blackberry River. Camera took pictures today, left batteries ",12:30,8/18/2021 6:44:19 PM,Alexandria.Hibbard_CTDEEP,8/18/2021 6:44:19 PM,Alexandria.Hibbard_CTDEEP,0,0
150,4fc92277-95fc-4422-90f0-8796036a74ec,08/18/21,13:22,"M. Czarnowski, A. Hibbard",Hubbard River_15240,15240,Hartland,Reference (USGS),Reconyx,4,,"Camera took pictures today, left batteries",13:35,8/18/2021 6:44:19 PM,Alexandria.Hibbard_CTDEEP,8/18/2021 6:44:19 PM,Alexandria.Hibbard_CTDEEP,-72.9384,42.0356
151,5442b3a5-718d-4b09-b5ab-18758e9b1dbd,08/18/21,13:53,"M. Czarnowski, A. Hibbard",West Branch Salmon Brook_15499,15499,Granby,Reference (RMN Site),Moultrie,4,,"Camera took pictures today, left batteries",14:05,8/18/2021 6:44:20 PM,Alexandria.Hibbard_CTDEEP,8/18/2021 6:44:20 PM,Alexandria.Hibbard_CTDEEP,-72.8343,41.94096
152,3e7196e3-eb27-46a8-94d3-86eda2a4ebe8,08/25/21,09:16,"M. Czarnowski, A. Hibbard",Means Brook_20422,20422,Shelton,Public Water Supply,Moultrie,4,1.71,Camera working properly,09:16,8/25/2021 5:30:45 PM,Alexandria.Hibbard_CTDEEP,8/25/2021 5:30:45 PM,Alexandria.Hibbard_CTDEEP,-73.159,41.318
153,65b61994-b70b-4b5e-80a3-5e43479d617e,08/25/21,10:11,"M. Czarnowski, A. Hibbard",,,,,,4,1.71,Camera working properly ,10:11,8/25/2021 5:30:46 PM,Alexandria.Hibbard_CTDEEP,8/25/2021 5:30:46 PM,Alexandria.Hibbard_CTDEEP,0,0
154,bb06e279-1632-47d3-a86f-ad856b88d7f8,08/25/21,10:55,"M. Czarnowski, A. Hibbard",,,,,,4,,Camera #15 tampered with. Removed camera,10:55,8/25/2021 5:30:46 PM,Alexandria.Hibbard_CTDEEP,8/25/2021 5:30:46 PM,Alexandria.Hibbard_CTDEEP,0,0
155,0437163d-6832-4d27-84c4-54318f6b5b49,08/25/21,11:30,"M. Czarnowski, A. Hibbard",Mill River DS Cook Hill Rd_19141,19141,Cheshire,Public Water Supply,Moultrie,4,1.72,Camera working properly,11:30,8/25/2021 5:30:46 PM,Alexandria.Hibbard_CTDEEP,8/25/2021 5:30:46 PM,Alexandria.Hibbard_CTDEEP,-72.89661,41.467
156,8e8cc759-c9ba-4e7a-adfd-1b130b9d8398,08/25/21,11:58,"M. Czarnowski, A. Hibbard",Mill River_15013,15013,Hamden,Reference to SID 19141,Moultrie,4,1.72,Camera working properly,11:58,8/25/2021 5:30:46 PM,Alexandria.Hibbard_CTDEEP,8/25/2021 5:30:46 PM,Alexandria.Hibbard_CTDEEP,-72.9056,41.4259
157,36ec251a-c20a-4832-b1be-752c81661123,09/15/21,08:47,"M. Czarnowski, A. Hibbard",Pocotopaug Creek_14400,14400,East Hampton,Private Dam,Reconyx,4,1.72,,09:00,9/15/2021 6:15:46 PM,Alexandria.Hibbard_CTDEEP,9/15/2021 6:15:46 PM,Alexandria.Hibbard_CTDEEP,-72.5069,41.565
158,e5440819-f08c-453e-9279-6686e8fa6f7c,09/15/21,09:34,"M. Czarnowski, A. Hibbard",East Branch Eightmile River_18720,18720,Lyme,Reference (USGS),Reconyx,4,1.72,,09:45,9/15/2021 6:15:47 PM,Alexandria.Hibbard_CTDEEP,9/15/2021 6:15:47 PM,Alexandria.Hibbard_CTDEEP,-72.33381,41.42763
159,b27851cd-b858-4f93-b411-e36ae87daf55,09/15/21,10:14,"M. Czarnowski, A. Hibbard",Bride Brook_17534,17534,East Lyme,Public Water Supply,Moultrie,4,1.73,,10:25,9/15/2021 6:15:47 PM,Alexandria.Hibbard_CTDEEP,9/15/2021 6:15:47 PM,Alexandria.Hibbard_CTDEEP,-72.24194,41.32329
160,e36478ed-d478-488a-b4c5-37b3e8275ad8,09/15/21,11:06,"M. Czarnowski, A. Hibbard",Pocotopaug Creek_14400,14400,East Hampton,Private Dam,Reconyx,4,1.73,,11:15,9/15/2021 6:15:48 PM,Alexandria.Hibbard_CTDEEP,9/15/2021 6:15:48 PM,Alexandria.Hibbard_CTDEEP,-72.5069,41.565
161,56fc58f5-1d4a-434a-8ed5-1fa990e181be,09/15/21,12:45,"M. Czarnowski, A. Hibbard",Mount Hope River_15801,15801,Ashford,Reference (USGS),Reconyx,4,1.72,,13:00,9/15/2021 6:15:48 PM,Alexandria.Hibbard_CTDEEP,9/15/2021 6:15:48 PM,Alexandria.Hibbard_CTDEEP,-72.1694,41.8436
162,ed94ff93-cf4e-4a8c-be90-656107be2f22,09/15/21,13:05,"M. Czarnowski, A. Hibbard",Mount Hope River_18421,18421,Ashford,Public Water Supply,Moultrie,4,,Looks like camera might have gotten flooded. Last picture taken on 9/1/21. Door was open. One battery missing. Remaining batteries: half are 1.71 and half are 1.78. Replaced camera #54 with #48. New batteries 1.81,13:20,9/15/2021 6:15:48 PM,Alexandria.Hibbard_CTDEEP,9/15/2021 6:15:48 PM,Alexandria.Hibbard_CTDEEP,-72.16559,41.8533
163,e018047b-cb64-43e6-89ee-7c40bd4a6b24,09/22/21,08:47,"M. Czarnowski, A. Hibbard",Hockanum River_14237,14237,Manchester,S&G- PWS,Moultrie,4,,There is extensive storm damage; multiple trees down. Camera not found,08:47,9/22/2021 6:10:49 PM,Alexandria.Hibbard_CTDEEP,9/22/2021 6:10:49 PM,Alexandria.Hibbard_CTDEEP,-72.5569,41.7859
164,3dc3e0e4-d960-4cd4-bca8-b9c8113b4e59,09/22/21,09:40,"M. Czarnowski, A. Hibbard",Fenton River_15091,15091,Mansfield,Reference / Public Water Supply,Moultrie,4,1.73,Stopped taking photos 9/2. Tested camera and it’s still operating properly. Left in place. ,09:40,9/22/2021 6:10:49 PM,Alexandria.Hibbard_CTDEEP,9/22/2021 6:10:49 PM,Alexandria.Hibbard_CTDEEP,-72.2309,41.8222
165,43096f87-1dc7-4720-8864-54fa96b6d9ed,09/22/21,09:55,"M. Czarnowski, A. Hibbard",Fenton River_19388,19388,Mansfield,Reference / Public Water Supply,Moultrie,4,1.7,Camera working properly,09:55,9/22/2021 6:10:49 PM,Alexandria.Hibbard_CTDEEP,9/22/2021 6:10:49 PM,Alexandria.Hibbard_CTDEEP,-72.23468,41.82485
166,7142b7f0-91e9-432b-bf08-2d27eacff2cf,09/22/21,11:15,"M. Czarnowski, A. Hibbard",,,,,,4,1.71,Camera working properly. Had to reposition,11:15,9/22/2021 6:10:50 PM,Alexandria.Hibbard_CTDEEP,9/22/2021 6:10:50 PM,Alexandria.Hibbard_CTDEEP,0,0
167,b9ba61f9-8d64-4996-bff1-fa7926573650,09/22/21,12:06,"M. Czarnowski, A. Hibbard",Bunnell Brook_20153,20153,Burlington,Reference (USGS),Reconyx,4,1.69,Camera working properly,12:06,9/22/2021 6:10:50 PM,Alexandria.Hibbard_CTDEEP,9/22/2021 6:10:50 PM,Alexandria.Hibbard_CTDEEP,-72.96289,41.78345
168,d64c4f51-c333-4314-a730-a02bc6faf8f3,09/22/21,12:21,"M. Czarnowski, A. Hibbard",Bunnell Brook_19657,19657,Burlington,Reference (USGS),Moultrie,4,1.58,Camera working properly,12:21,9/22/2021 6:10:50 PM,Alexandria.Hibbard_CTDEEP,9/22/2021 6:10:50 PM,Alexandria.Hibbard_CTDEEP,-72.96462,41.78626
169,2b976878-2dd8-418d-999c-835bd36cbc91,09/22/21,13:23,"M. Czarnowski, A. Hibbard",Coppermine Brook_19091,19091,Bristol,Public Water Supply,Moultrie,4,,Camera was stolen,13:23,9/22/2021 6:10:50 PM,Alexandria.Hibbard_CTDEEP,9/22/2021 6:10:50 PM,Alexandria.Hibbard_CTDEEP,-72.9105,41.68262
170,296c1e53-a665-4179-bc3f-d7f9567dd005,10/6/21,08:50,"M. Czarnowski, A. Hibbard",West Branch Salmon Brook_15499,15499,Granby,Reference (RMN Site),Moultrie,4,1.81,"Camera #8 got inundated with tree debris. Last picture taken on 8/23. Camera wouldn’t turn on. Battery chamber rusty and wet. Replaced with camera #55. New batteries: 1.81. Moved location to downstream of road, on left bank if facing DS",09:30,10/6/2021 7:15:13 PM,Alexandria.Hibbard_CTDEEP,10/6/2021 7:15:13 PM,Alexandria.Hibbard_CTDEEP,-72.8343,41.94096
171,34ae2748-85e7-4669-a1d4-4d2061c54c8e,10/6/21,09:53,"M. Czarnowski, A. Hibbard",Hubbard River_15240,15240,Hartland,Reference (USGS),Reconyx,5,1.72,Looks like camera may have gotten flooded but it still turned on and is still taking pictures,10:05,10/6/2021 7:15:14 PM,Alexandria.Hibbard_CTDEEP,10/6/2021 7:15:14 PM,Alexandria.Hibbard_CTDEEP,-72.9384,42.0356
172,04048c9f-cf0b-4e9a-b503-c4d545cff2a1,10/6/21,11:29,"M. Czarnowski, A. Hibbard",Blackberry River_14687,14687,North Canaan,Public Water Supply,Moultrie,5,1.73,Storm damage. Tree fell and camera no longer can stay. Pulled camera #52. Did not deploy a new camera,11:40,10/6/2021 7:15:14 PM,Alexandria.Hibbard_CTDEEP,10/6/2021 7:15:14 PM,Alexandria.Hibbard_CTDEEP,-73.3254,42.0228
173,bf7be1c9-9004-4a8b-ada5-147c56a7e61e,10/6/21,12:02,"M. Czarnowski, A. Hibbard",Salmon Creek_14434,14434,Salisbury,Reference (USGS),Moultrie,5,1.71,"Camera stopped taking pictures on 9/30, but batteries were still good and camera still working properly.",12:10,10/6/2021 7:15:14 PM,Alexandria.Hibbard_CTDEEP,10/6/2021 7:15:14 PM,Alexandria.Hibbard_CTDEEP,-73.3909,41.9417
174,27690a66-6128-43de-a3bc-19d09d319821,10/6/21,12:28,"M. Czarnowski, A. Hibbard",Brown Brook_16139,16139,Canaan,Reference (RMN Site),Moultrie,5,1.57,,12:45,10/6/2021 7:15:15 PM,Alexandria.Hibbard_CTDEEP,10/6/2021 7:15:15 PM,Alexandria.Hibbard_CTDEEP,-73.2799,41.9267
175,56ef99c6-2f92-4154-9b30-a1d2adf75c10,10/6/21,13:14,"M. Czarnowski, A. Hibbard",Cobble Brook_15244,15244,Kent,Public Water Supply,Reconyx,4,1.74,,13:30,10/6/2021 7:15:15 PM,Alexandria.Hibbard_CTDEEP,10/6/2021 7:15:15 PM,Alexandria.Hibbard_CTDEEP,-73.4572,41.7217
176,c376e240-f22d-47ec-9c08-ce87769dcddb,10/13/21,08:58,"M. Czarnowski, A. Hibbard",Pocotopaug Creek_14400,14400,East Hampton,Private Dam,Reconyx,5,1.7,Camera working properly,08:58,10/13/2021 6:56:07 PM,Alexandria.Hibbard_CTDEEP,10/13/2021 6:56:07 PM,Alexandria.Hibbard_CTDEEP,-72.5069,41.565
177,cc00f122-441d-4619-991b-aa3111b3b594,10/13/21,09:46,"M. Czarnowski, A. Hibbard",East Branch Eightmile River_18720,18720,Lyme,Reference (USGS),Reconyx,4,1.73,Camera working properly,09:46,10/13/2021 6:56:08 PM,Alexandria.Hibbard_CTDEEP,10/13/2021 6:56:08 PM,Alexandria.Hibbard_CTDEEP,-72.33381,41.42763
178,6341f9cc-7b40-45c7-a3d9-c55637b062a4,10/13/21,10:34,"M. Czarnowski, A. Hibbard",Bride Brook_17534,17534,East Lyme,Public Water Supply,Moultrie,4,1.7,Camera working properly,10:34,10/13/2021 6:56:09 PM,Alexandria.Hibbard_CTDEEP,10/13/2021 6:56:09 PM,Alexandria.Hibbard_CTDEEP,-72.24194,41.32329
179,a43c2c62-bf31-45c1-8ba6-054290166349,10/13/21,11:24,"M. Czarnowski, A. Hibbard",Pendleton Hill Brook_15796,15796,North Stonington,Reference (USGS & RMN Site),Reconyx,4,1.72,Camera working properly,11:24,10/13/2021 6:56:09 PM,Alexandria.Hibbard_CTDEEP,10/13/2021 6:56:09 PM,Alexandria.Hibbard_CTDEEP,-71.8342,41.4748
180,a2af108d-2046-4901-90d2-2c6c3cdce6ac,10/13/21,13:44,"M. Czarnowski, A. Hibbard",Mount Hope River_15801,15801,Ashford,Reference (USGS),Reconyx,4,1.7,Camera working properly,13:44,10/13/2021 6:56:10 PM,Alexandria.Hibbard_CTDEEP,10/13/2021 6:56:10 PM,Alexandria.Hibbard_CTDEEP,-72.1694,41.8436
181,3006690b-e621-4fd0-9a5a-1669e57a427e,10/13/21,14:06,"M. Czarnowski, A. Hibbard",Mount Hope River_18421,18421,Ashford,Public Water Supply,Moultrie,4,1.74,Camera working properly,14:06,10/13/2021 6:56:10 PM,Alexandria.Hibbard_CTDEEP,10/13/2021 6:56:10 PM,Alexandria.Hibbard_CTDEEP,-72.16559,41.8533
182,c9f66427-524a-4579-9246-f97d60a4e0c8,11/1/21,09:13,"M. Czarnowski, A. Hibbard",Fenton River_19388,19388,Mansfield,Reference / Public Water Supply,Moultrie,4,1.69,"Pulled camera 66 from upstream site. 
",09:13,11/1/2021 7:31:37 PM,Alexandria.Hibbard_CTDEEP,11/1/2021 7:31:37 PM,Alexandria.Hibbard_CTDEEP,-72.2309,41.8222
183,20958004-0c96-4a9c-be90-b06c43408172,11/1/21,09:26,"M. Czarnowski, A. Hibbard",Fenton River_15091,15091,Mansfield,Reference / Public Water Supply,Moultrie,4,1.71,Pulled camera 43 (downstream site),09:26,11/1/2021 7:31:38 PM,Alexandria.Hibbard_CTDEEP,11/1/2021 7:31:38 PM,Alexandria.Hibbard_CTDEEP,-72.2309,41.8222
184,d4e659fd-561d-439e-8a32-484165c6fcbb,11/1/21,09:57,"M. Czarnowski, A. Hibbard",Mount Hope River_18421,18421,Ashford,Public Water Supply,Moultrie,4,1.6,Pulled camera 48,09:57,11/1/2021 7:31:39 PM,Alexandria.Hibbard_CTDEEP,11/1/2021 7:31:39 PM,Alexandria.Hibbard_CTDEEP,-72.16559,41.8533
185,7a81c427-c8e4-490d-8495-99c0b1c7c617,11/1/21,11:17,"M. Czarnowski, A. Hibbard",Bride Brook_17534,17534,East Lyme,Public Water Supply,Moultrie,4,1.7,Pulled camera 35,11:17,11/1/2021 7:31:39 PM,Alexandria.Hibbard_CTDEEP,11/1/2021 7:31:39 PM,Alexandria.Hibbard_CTDEEP,-72.24194,41.32329
186,dc0db0a9-eb12-46ce-a215-ff95edf04ff1,11/1/21,12:08,"M. Czarnowski, A. Hibbard",Pocotopaug Creek_14400,14400,East Hampton,Private Dam,Reconyx,4,1.7,Pulled camera 33. Water had a grey/blue tint,12:08,11/1/2021 7:31:39 PM,Alexandria.Hibbard_CTDEEP,11/1/2021 7:31:39 PM,Alexandria.Hibbard_CTDEEP,-72.5069,41.565
187,c76e363d-0202-4658-a954-840ed45f1a17,11/1/21,13:41,"M. Czarnowski, A. Hibbard",,,,,,4,1.68,Nod Brook -pulled camera 21,13:41,11/1/2021 7:31:39 PM,Alexandria.Hibbard_CTDEEP,11/1/2021 7:31:39 PM,Alexandria.Hibbard_CTDEEP,0,0
188,33fcd6bd-bd75-4c29-8a55-cb65b8e14dd1,11/1/21,14:15,"M. Czarnowski, A. Hibbard",Bunnell Brook_20153,20153,Burlington,Reference (USGS),Reconyx,4,1.69,"Pulled camera 46. Initially set camera up for winter, but then realized the tree was dead. ",14:15,11/1/2021 7:31:39 PM,Alexandria.Hibbard_CTDEEP,11/1/2021 7:31:39 PM,Alexandria.Hibbard_CTDEEP,-72.96289,41.78345
189,98c4178c-ae12-4ad0-87e7-e347b35ab2d0,11/1/21,14:37,"M. Czarnowski, A. Hibbard",Bunnell Brook_19657,19657,Burlington,Reference (USGS),Moultrie,4,1.8,Camera working properly. Set up for winter. Old batteries 1.53,14:37,11/1/2021 7:31:40 PM,Alexandria.Hibbard_CTDEEP,11/1/2021 7:31:40 PM,Alexandria.Hibbard_CTDEEP,-72.96462,41.78626
190,cd0c17cc-cb17-4914-95b0-c5fb3c34e21f,11/8/21,08:47,"M. Czarnowski, A. Hibbard",,,,,,4,1.7,Beacon hill brook (19600). Took down camera #49,08:47,11/8/2021 6:00:40 PM,Alexandria.Hibbard_CTDEEP,11/8/2021 6:00:40 PM,Alexandria.Hibbard_CTDEEP,0,0
191,4a77c048-b498-4af4-9660-f80e1f87657c,11/8/21,09:00,"M. Czarnowski, A. Hibbard",,,,,,4,,"Marks brook
Camera #28, middle site(?), 1.68
Camera #23, DS site(?), 1.69
Camera #26, US site, 1.60",09:45,11/8/2021 6:00:40 PM,Alexandria.Hibbard_CTDEEP,11/8/2021 6:00:40 PM,Alexandria.Hibbard_CTDEEP,0,0
192,6c1d115d-e575-4309-9b92-fc4b45f0869f,11/8/21,10:25,"M. Czarnowski, A. Hibbard",Means Brook_20422,20422,Shelton,Public Water Supply,Moultrie,4,1.7,Took down camera #47,10:40,11/8/2021 6:00:40 PM,Alexandria.Hibbard_CTDEEP,11/8/2021 6:00:40 PM,Alexandria.Hibbard_CTDEEP,-73.159,41.318
193,8b0574fa-ea78-4091-97b0-02934ab98d52,11/8/21,11:28,"M. Czarnowski, A. Hibbard",,,,,,4,,"Mill River (15013), took down camera #17, battery chamber was wet and rusty, no consistent battery voltage",11:28,11/8/2021 6:00:41 PM,Alexandria.Hibbard_CTDEEP,11/8/2021 6:00:41 PM,Alexandria.Hibbard_CTDEEP,0,0
194,2c059baf-3453-41c5-8834-1850c812c46a,11/8/21,11:57,"M. Czarnowski, A. Hibbard",Mill River US Cook Hill Rd_19141,19141,Cheshire,Public Water Supply,Reconyx,4,,"Took down camera #20, battery chamber was wet and rusty, no consistency in battery voltage",11:57,11/8/2021 6:00:41 PM,Alexandria.Hibbard_CTDEEP,11/8/2021 6:00:41 PM,Alexandria.Hibbard_CTDEEP,-72.89661,41.467
195,5cce763d-c828-42de-a9d8-6079d56deb14,11/17/21,09:33,"M. Czarnowski, A. Hibbard",Cobble Brook_15244,15244,Kent,Public Water Supply,Reconyx,4,1.66,Took down camera #53,09:33,11/17/2021 6:33:23 PM,Alexandria.Hibbard_CTDEEP,11/17/2021 6:33:23 PM,Alexandria.Hibbard_CTDEEP,-73.4572,41.7217
196,6b0c5d86-8f2a-4233-999b-8fbd57f56f0e,11/17/21,10:16,"M. Czarnowski, A. Hibbard",Brown Brook_16139,16139,Canaan,Reference (RMN Site),Moultrie,4,1.51,Replaced batteries. New battery voltage 1.80,10:16,11/17/2021 6:33:24 PM,Alexandria.Hibbard_CTDEEP,11/17/2021 6:33:24 PM,Alexandria.Hibbard_CTDEEP,-73.2799,41.9267
197,2d665428-599a-43d2-b424-0149b1a69cc7,11/17/21,10:46,"M. Czarnowski, A. Hibbard",Salmon Creek_14434,14434,Salisbury,Reference (USGS),Moultrie,4,1.65,Took down camera #42,10:46,11/17/2021 6:33:24 PM,Alexandria.Hibbard_CTDEEP,11/17/2021 6:33:24 PM,Alexandria.Hibbard_CTDEEP,-73.3909,41.9417
198,415e4530-b05e-439f-ab39-23e411ced9ee,11/17/21,11:57,"M. Czarnowski, A. Hibbard",Hubbard River_15240,15240,Hartland,Reference (USGS),Reconyx,4,1.68,,11:57,11/17/2021 6:33:24 PM,Alexandria.Hibbard_CTDEEP,11/17/2021 6:33:24 PM,Alexandria.Hibbard_CTDEEP,-72.9384,42.0356
199,eeea5c76-971d-42a0-82d9-a09393793690,11/17/21,12:32,"M. Czarnowski, A. Hibbard",West Branch Salmon Brook_15499,15499,Granby,Reference (RMN Site),Moultrie,4,1.67,,12:32,11/17/2021 6:33:25 PM,Alexandria.Hibbard_CTDEEP,11/17/2021 6:33:25 PM,Alexandria.Hibbard_CTDEEP,-72.8343,41.94096
